#,Job Title,Job Link,Source
1,Software Engineer 2 (Backend),https://builtinbengaluru.in/job/software-engineer-2-backend/8651766,Built In Bengaluru
2,Applied AI Engineer (Agentic Workflows) - India,https://builtinbengaluru.in/job/applied-ai-engineer-agentic-workflows-india/6248258,Built In Bengaluru
3,Legal Executive,https://builtinbengaluru.in/job/legal-executive/8673055,Built In Bengaluru
4,Senior Lead Business Integration Analyst -R2R,https://builtinbengaluru.in/job/senior-lead-business-integration-analyst-r2r/8277896,Built In Bengaluru
5,Principle Specialist-  Business Analysis - Production Execution,https://builtinbengaluru.in/job/principle-specialist-business-analysis-production-execution/8411513,Built In Bengaluru
6,ServiceNow Operational Analyst,https://builtinbengaluru.in/job/servicenow-operational-analyst/8436298,Built In Bengaluru
7,QA Engineer (Manual Testing ),https://builtinbengaluru.in/job/qa-engineer/8056659,Built In Bengaluru
8,Technical Support Lead,https://builtinbengaluru.in/job/customer-support-lead/8255066,Built In Bengaluru
9,"Quantitative Developer (Low-Latency, C++)",https://builtinbengaluru.in/job/quantitative-developer-low-latency-c/8671913,Built In Bengaluru
10,"Software Developer, Algorithmic Trading (Low-Latency, C++)-",https://builtinbengaluru.in/job/software-developer-algorithmic-trading-low-latency-c/8671884,Built In Bengaluru
11,Product Analyst,https://builtinbengaluru.in/job/product-analyst/6883752,Built In Bengaluru
12,Customer Experience Specialist,https://builtinbengaluru.in/job/customer-experience-specialist/8671046,Built In Bengaluru
13,Staff AI Engineer,https://builtinbengaluru.in/job/staff-ai-engineer/8202263,Built In Bengaluru
14,QA Lead,https://builtinbengaluru.in/job/qa-lead/7782260,Built In Bengaluru
15,Staff Data Engineer - India,https://builtinbengaluru.in/job/senior-data-engineer-india/7076041,Built In Bengaluru
16,"Engineering Lead, AI Application Engineering",https://builtinbengaluru.in/job/genai-field-architect-customer-value-engineering/6401265,Built In Bengaluru
17,AI Integrations Specialist,https://builtinbengaluru.in/job/ai-integrations-specialist/7782263,Built In Bengaluru
18,Senior AI Applications Engineer,https://builtinbengaluru.in/job/senior-ai-applications-engineer/4802406,Built In Bengaluru
19,Senior Product Designer,https://builtinbengaluru.in/job/senior-product-designer/7496891,Built In Bengaluru
20,Senior Solution Data Architect,https://builtinbengaluru.in/job/senior-solution-data-architect/7287923,Built In Bengaluru
21,Oracle HCM Fusion,https://builtinbengaluru.in/job/oracle-hcm-fusion/7287880,Built In Bengaluru
22,Data Engineer,https://builtinbengaluru.in/job/data-engineer/7287962,Built In Bengaluru
23,ML Intern,https://builtinbengaluru.in/job/ml-intern/7785407,Built In Bengaluru
24,Senior Embedded Software Developer(RTOS),https://builtinbengaluru.in/job/senior-embedded-software-developerrtos/4201416,Built In Bengaluru
25,Sr Dotnet Developer,https://builtinbengaluru.in/job/sr-dotnet-developer/8037746,Built In Bengaluru
26,React js Lead,https://builtinbengaluru.in/job/react-js-lead/8037742,Built In Bengaluru
27,Product Analyst,https://builtinbengaluru.in/job/product-analyst/8037737,Built In Bengaluru
28,Design Verification Director,https://builtinbengaluru.in/job/design-verification-director/8668490,Built In Bengaluru
29,Principal Physical Design Engineer,https://builtinbengaluru.in/job/principal-physical-design-engineer/8666160,Built In Bengaluru
30,Senior Full-Stack Engineer (Media & ML Automation),https://builtinbengaluru.in/job/senior-full-stack-engineer-media-ml-automation/8552820,Built In Bengaluru
31,Co-Manage Specialist,https://builtinbengaluru.in/job/co-manage-specialist/8663069,Built In Bengaluru
32,AI Implementation Intern,https://builtinbengaluru.in/job/ai-engineering-intern/8663068,Built In Bengaluru
33,Business Development Executive - Inside Sales,https://builtinbengaluru.in/job/business-development-executive-inside-sales/8662685,Built In Bengaluru
34,Machine Learning Engineer,https://builtinbengaluru.in/job/machine-learning-engineer/8661728,Built In Bengaluru
35,Account Executive,https://builtinbengaluru.in/job/account-executive/8661376,Built In Bengaluru
36,3D Artist,https://builtinbengaluru.in/job/3d-artist/8660721,Built In Bengaluru
37,Business Operations Intern – Finmo,https://builtinbengaluru.in/job/business-operations-intern-finmo/8660335,Built In Bengaluru
38,Oracle ERP Engineer,https://builtinbengaluru.in/job/oracle-erp-engineer/8660201,Built In Bengaluru
39,Software Engineer III -Backend,https://builtinbengaluru.in/job/software-engineer-iii-backend/8660177,Built In Bengaluru
40,IT Admin,https://builtinbengaluru.in/job/it-admin/8659978,Built In Bengaluru
41,Senior UX Designer,https://builtinbengaluru.in/job/senior-ux-designer/8659952,Built In Bengaluru
42,Python Developer,https://builtinbengaluru.in/job/python-developer/8659942,Built In Bengaluru
43,Revenue Operations & CSM Specialist (Mid-level | Global Remote | SaaS),https://builtinbengaluru.in/job/revenue-operations-csm-specialist-mid-level-global-remote-saas/8174288,Built In Bengaluru
44,Senior Staff ML Researcher - LLM Algorithmic Optimization,https://builtinbengaluru.in/job/senior-staff-ml-researcher-llm-algorithmic-optimization/7777632,Built In Bengaluru
45,AI Research Lead,https://builtinbengaluru.in/job/ai-research-lead/8194466,Built In Bengaluru
46,Software Engineer,https://builtinbengaluru.in/job/software-engineer/8025976,Built In Bengaluru
47,Senior Engineer - Search,https://builtinbengaluru.in/job/senior-engineer-search/8176460,Built In Bengaluru
48,AI Engineer (Full Stack),https://builtinbengaluru.in/job/ai-engineer-full-stack/7780037,Built In Bengaluru
49,Backend Platform Engineer (BLR),https://builtinbengaluru.in/job/backend-platform-engineer-blr/7772019,Built In Bengaluru
50,Portfolio Data Analyst,https://builtinbengaluru.in/job/portfolio-data-analyst/7339461,Built In Bengaluru
51,Senior Software Engineer,https://builtinbengaluru.in/job/senior-software-engineer/8026930,Built In Bengaluru
52,Principal Software Engineer,https://builtinbengaluru.in/job/principal-software-engineer/8174646,Built In Bengaluru
53,Senior Staff DFT MBIST Engineer,https://builtinbengaluru.in/job/senior-staff-dft-mbist-engineer/8178870,Built In Bengaluru
54,"Governance, Risk, and Compliance Lead (India)",https://builtinbengaluru.in/job/governance-risk-and-compliance-lead-india/7770132,Built In Bengaluru
55,Graphic Designer (Brand & Marketing),https://builtinbengaluru.in/job/graphic-designer-brand-marketing/8178199,Built In Bengaluru
56,DevOps Engineer (GCP),https://builtinbengaluru.in/job/devops-engineer/8187666,Built In Bengaluru
57,DevOps Engineer,https://builtinbengaluru.in/job/devops-engineer/7060070,Built In Bengaluru
58,Senior Product Support Engineer (L3),https://builtinbengaluru.in/job/rapid-response-software-engineer/8035576,Built In Bengaluru
59,"Machine Learning Engineer, Platform",https://builtinbengaluru.in/job/machine-learning-engineer-platform/8011988,Built In Bengaluru
60,Senior Engineer Unit test,https://builtinbengaluru.in/job/senior-engineer-unit-test/8172478,Built In Bengaluru
61,Customer Success Manager - B2B SaaS(US),https://builtinbengaluru.in/job/customer-success-manager-b2b-saas-us/8173586,Built In Bengaluru
62,Software Engineer 2 (Backend),https://builtinhyderabad.in/job/software-engineer-2-backend/8651766,Built In Hyderabad
63,Applied AI Engineer (Agentic Workflows) - India,https://builtinhyderabad.in/job/applied-ai-engineer-agentic-workflows-india/6248258,Built In Hyderabad
64,Tax Services Senior Associate -Partnership,https://builtinhyderabad.in/job/tax-services-senior-associate-partnership/8085901,Built In Hyderabad
65,System Administrator,https://builtinhyderabad.in/job/system-administrator/8186914,Built In Hyderabad
66,Sales Engineer,https://builtinhyderabad.in/job/sales-engineer/8037736,Built In Hyderabad
67,Senior Software Engineer,https://builtinhyderabad.in/job/senior-software-engineer/8185759,Built In Hyderabad
68,Tech Operations Lead- Power BI,https://builtinhyderabad.in/job/tech-operations-lead-power-bi/8343471,Built In Hyderabad
69,Senior Technical Operations Analyst,https://builtinhyderabad.in/job/senior-technical-operations-analyst/8343515,Built In Hyderabad
70,ServiceNow ITSM Developer,https://builtinhyderabad.in/job/servicenow-itsm-developer/8659659,Built In Hyderabad
71,TOGAF Freelance Instrutor,https://builtinhyderabad.in/job/togaf-freelance-instrutor/8174076,Built In Hyderabad
72,Business Development - US Staffing,https://builtinhyderabad.in/job/business-development-us-staffing/2546476,Built In Hyderabad
73,Graphic Designer,https://builtinhyderabad.in/job/graphic-designer/8182798,Built In Hyderabad
74,.Net Full Stack Developer,https://builtinhyderabad.in/job/net-full-stack-developer/6470660,Built In Hyderabad
75,Software Engineer (Node JS Developer),https://builtinhyderabad.in/job/software-engineer-node-js-developer/6476368,Built In Hyderabad
76,"Experienced ReactJS,  React Native Developer Openings in Hyderabad",https://builtinhyderabad.in/job/experienced-reactjs-react-native-developer-openings-hyderabad/2645996,Built In Hyderabad
77,Microsoft Dynamics D365 Finance & Operations Consultants,https://builtinhyderabad.in/job/microsoft-dynamics-d365-finance-operations-consultants/2540901,Built In Hyderabad
78,26-3090: QA Test Engineer - Hyderabad/Vijayawada- India,https://builtinhyderabad.in/job/26-3090-qa-test-engineer-hyderabad-vijayawada-india/8651377,Built In Hyderabad
79,Sr. Oracle Fusion SCM Consultant,https://builtinhyderabad.in/job/sr-oracle-fusion-scm-consultant/8648834,Built In Hyderabad
80,Senior QA Engineer,https://builtinhyderabad.in/job/senior-qa-engineer/8645030,Built In Hyderabad
81,Senior Data Engineer,https://builtinhyderabad.in/job/senior-data-engineer/8425305,Built In Hyderabad
82,Human Resource Generalist,https://builtinhyderabad.in/job/human-resource-generalist/2647388,Built In Hyderabad
83,Finance Controller,https://builtinhyderabad.in/job/finance-controller/8633409,Built In Hyderabad
84,Technical Architect,https://builtinhyderabad.in/job/technical-architect/7770435,Built In Hyderabad
85,"Full Stack Developer (Offshore, Mid-Level)",https://builtinhyderabad.in/job/full-stack-developer-offshore-mid-level/7749547,Built In Hyderabad
86,Job ID 178 - Software Consultant (Full Stack Developer),https://builtinhyderabad.in/job/job-id-178-software-consultant-full-stack-developer/7998254,Built In Hyderabad
87,SAP TAO Automation Test Engineer,https://builtinhyderabad.in/job/sap-tao-automation-test-engineer/6448974,Built In Hyderabad
88,Python Developer (Alerting & Monitoring),https://builtinhyderabad.in/job/python-developer-implementing-alerting-monitoring-capabilities/7955958,Built In Hyderabad
89,Software Engineer,https://builtinhyderabad.in/job/software-engineer/8137184,Built In Hyderabad
90,System Architect,https://builtinhyderabad.in/job/system-architect/8396171,Built In Hyderabad
91,Project Manager (Technical Programmes),https://builtinhyderabad.in/job/project-manager-technical-programmes/8134609,Built In Hyderabad
92,Java Architect,https://builtinhyderabad.in/job/java-architect/8160035,Built In Hyderabad
93,Java Architect at 100% Remote,https://builtinhyderabad.in/job/java-architect-100-remote/1670159,Built In Hyderabad
94,"Software Engineer, macOS Core Product - Hyderabad, Telangana, India",https://builtinhyderabad.in/job/software-engineer-macos-core-product-hyderabad-telangana-india/8158347,Built In Hyderabad
95,Senior Frontend Engineer (React + WebSockets) – Qale,https://builtinhyderabad.in/job/senior-frontend-engineer-react-websockets-qale/8612761,Built In Hyderabad
96,Technical Program Manager (India),https://builtinhyderabad.in/job/technical-program-manager-india/7218092,Built In Hyderabad
97,Senior SDET,https://builtinhyderabad.in/job/senior-sdet/8598007,Built In Hyderabad
98,Senior Cloud Infrastructure Engineer (Working hours aligned to UTC+2),https://builtinhyderabad.in/job/senior-cloud-infrastructure-engineer-working-hours-aligned-utc-2/8592137,Built In Hyderabad
99,Oracle SOA Developer – Contract,https://builtinhyderabad.in/job/oracle-soa-developer-contract/8353410,Built In Hyderabad
100,. Net Developer,https://builtinhyderabad.in/job/net-developer/7704019,Built In Hyderabad
101,Senior Managed Services Data Engineer,https://builtinhyderabad.in/job/senior-managed-services-data-engineer/7068100,Built In Hyderabad
102,"Public Key infrastructure -Certificate,PKCS,Cryptography",https://builtinhyderabad.in/job/public-key-infrastructure-certificate-pkcs-cryptography/7692951,Built In Hyderabad
103,Senior Financial Accountant (USA),https://builtinhyderabad.in/job/senior-financial-accountant-usa/8568119,Built In Hyderabad
104,QA Lead,https://builtinhyderabad.in/job/qa-lead/7499967,Built In Hyderabad
105,Senior API Developer — API Incubation (AI/LLM + Data),https://builtinhyderabad.in/job/senior-api-developer-api-incubation-ai-llm-data/8648101,Built In Hyderabad
106,Analog/Mixed-Signal IC Design Engineer,https://builtinhyderabad.in/job/analogmixed-signal-ic-design-engineer/1902861,Built In Hyderabad
107,Sr. DevOps Engineer,https://builtinhyderabad.in/job/sr-devops-engineer/8316486,Built In Hyderabad
108,Automation Engineer,https://builtinhyderabad.in/job/automation-engineer/8650775,Built In Hyderabad
109,Senior Tax Customer Support Lead,https://builtinhyderabad.in/job/senior-tax-customer-support-lead/7406257,Built In Hyderabad
110,System Admin and IT Executive,https://builtinhyderabad.in/job/system-admin-and-it-executive/7156406,Built In Hyderabad
111,"Collaborative Engineer, GitHub Copilot (Remote - APAC - Talent Pipeline)",https://builtinhyderabad.in/job/collaborative-engineer-github-copilot-remote-apac/7642426,Built In Hyderabad
112,SAP Functional Business Analyst,https://builtinhyderabad.in/job/sap-functional-business-analyst/8525004,Built In Hyderabad
113,"Consumer Experience Lead - Digital, Consumer Data & CRM",https://builtinmumbai.in/job/consumer-experience-lead-digital-consumer-data-crm/8547415,Built In Mumbai
114,Technical Product Owner - PIM (m/f/x),https://builtinmumbai.in/job/technical-product-owner-pim-m-f-x/8412485,Built In Mumbai
115,"Sr. Data Engineer, Analytics Engineering",https://builtinmumbai.in/job/sr-data-engineer-analytics-engineering/8673097,Built In Mumbai
116,Senior Employee Support Analyst,https://builtinmumbai.in/job/senior-employee-support-analyst/7304206,Built In Mumbai
117,Senior Data Scientist,https://builtinmumbai.in/job/senior-data-scientist/6647007,Built In Mumbai
118,"Implementation Consultant, Aladdin Client Technology, Vice President",https://builtinmumbai.in/job/implementation-consultant-aladdin-client-technology-vice-president/8673049,Built In Mumbai
119,"Associate, Quality Engineer",https://builtinmumbai.in/job/associate-quality-engineer/8673041,Built In Mumbai
120,"L&D Multimedia & AI Production, HR, Associate",https://builtinmumbai.in/job/l-d-multimedia-ai-production-hr-associate/8224201,Built In Mumbai
121,Sr Data Scientist,https://builtinmumbai.in/job/sr-data-scientist/8672743,Built In Mumbai
122,Trainee (Technology),https://builtinmumbai.in/job/trainee-technology/8618076,Built In Mumbai
123,Lead Software Engineer,https://builtinmumbai.in/job/lead-software-engineer/8672740,Built In Mumbai
124,Sr Enterprise Account Executive - MRD,https://builtinmumbai.in/job/sr-enterprise-account-executive-mrd/8672328,Built In Mumbai
125,Senior Trade Operations Specialist,https://builtinmumbai.in/job/senior-trade-operations-specialist/8669981,Built In Mumbai
126,Senior/Sales Development Representative,https://builtinmumbai.in/job/sales-development-representative/8329321,Built In Mumbai
127,Java Developer,https://builtinmumbai.in/job/java-developer/8667344,Built In Mumbai
128,Product Support Specialist - OEMS,https://builtinmumbai.in/job/product-support-specialist-oems/8666937,Built In Mumbai
129,"Partner Account Executive (Hybrid, IND)",https://builtinmumbai.in/job/partner-account-executive-hybrid-ind/8584229,Built In Mumbai
130,Senior Software Engineer,https://builtinmumbai.in/job/senior-software-engineer/8432560,Built In Mumbai
131,"Enterprise Sales Manager, India",https://builtinmumbai.in/job/enterprise-sales-manager-india/6344401,Built In Mumbai
132,"Integrated Producer, APAC (Marketing & Creative Campaigns)",https://builtinmumbai.in/job/creative-producer-apac/7836617,Built In Mumbai
133,Senior Data Scientist,https://builtinmumbai.in/job/senior-data-scientist/8508253,Built In Mumbai
134,"Manager, Analytics & Data Science",https://builtinmumbai.in/job/manager-analytics-data-science/8653191,Built In Mumbai
135,Support Engineer,https://builtinmumbai.in/job/support-engineer/8637971,Built In Mumbai
136,"Senior Software Engineer, Devices - India",https://builtinmumbai.in/job/senior-software-engineer-devices-india/8007361,Built In Mumbai
137,Enterprise Account Executive - West India,https://builtinmumbai.in/job/enterprise-account-executive-west-india-ae-mumbai-2/7471906,Built In Mumbai
138,Account Management Internship,https://builtinmumbai.in/job/account-management-internship/8561014,Built In Mumbai
139,Linux Engineer,https://builtinmumbai.in/job/linux-engineer/8620545,Built In Mumbai
140,"Senior Manager, Sales Engineering",https://builtinmumbai.in/job/senior-manager-sales-engineering/8157205,Built In Mumbai
141,Solutions Architect,https://builtinmumbai.in/job/solutions-architect/8387480,Built In Mumbai
142,Strategic Account Executive - West,https://builtinmumbai.in/job/strategic-account-executive-west/6851307,Built In Mumbai
143,"Associate Director, Advanced Solutions, India",https://builtinmumbai.in/job/associate-director-advanced-solutions-india/7887175,Built In Mumbai
144,Account Executive - Cisco ThousandEyes,https://builtinmumbai.in/job/account-executive-cisco-thousandeyes/8563192,Built In Mumbai
145,Regional Sales Manager India,https://builtinmumbai.in/job/regional-sales-manager-india/8205164,Built In Mumbai
146,Business Process Architect,https://builtinmumbai.in/job/business-process-architect/8674117,Built In Mumbai
147,Custom Software Engineer,https://builtinmumbai.in/job/custom-software-engineer/8245456,Built In Mumbai
148,Custom Software Engineer,https://builtinmumbai.in/job/custom-software-engineer/8668570,Built In Mumbai
149,Senior Technical Architect,https://builtinmumbai.in/job/senior-technical-architect/8674109,Built In Mumbai
150,Territory Account Executive- HRE,https://builtinmumbai.in/job/territory-account-executive-hre/7744988,Built In Mumbai
151,Named Account Executive,https://builtinmumbai.in/job/named-account-executive/7925332,Built In Mumbai
152,Chief Auditor – Technology & Business Enablement International and Wealth International Technology,https://builtinmumbai.in/job/chief-auditor-technology-business-enablement-international-and-wealth-international-technology/8674014,Built In Mumbai
153,KYC Operations Analyst,https://builtinmumbai.in/job/kyc-operations-analyst-2-mumbai/7740002,Built In Mumbai
154,Tax Specialist (Tax reporting FATCA),https://builtinmumbai.in/job/tax-specialist-tax-reporting-fatca/7737998,Built In Mumbai
155,Architect II,https://builtinmumbai.in/job/architect-ii/8673853,Built In Mumbai
156,Group Financial Accountant,https://builtinmumbai.in/job/group-financial-accountant/8673362,Built In Mumbai
157,India - Supervisor – Credit Control,https://builtinmumbai.in/job/india-supervisor-credit-control/8673290,Built In Mumbai
158,India - Executive – Credit Control,https://builtinmumbai.in/job/india-executive-credit-control/8672235,Built In Mumbai
159,SAP Sr Analyst - Finance,https://builtinmumbai.in/job/sap-sr-analyst-finance/8673246,Built In Mumbai
160,GenAI & Agentic AI Developer,https://builtinmumbai.in/job/genai-agentic-ai-developer/8004899,Built In Mumbai
161,Data Scientist,https://builtinmumbai.in/job/data-scientist/8004878,Built In Mumbai
162,Software Engineer Backend Developer Python,https://builtinmumbai.in/job/software-engineer-backend-developer-python/7558815,Built In Mumbai
163,Sales Manager,https://builtinmumbai.in/job/sales-manager/8673162,Built In Mumbai
164,Junior Amazon Connect Support Engineer,https://builtinmumbai.in/job/junior-amazon-connect-support-engineer/8673065,Built In Mumbai
165,Manager - Corporate Development,https://builtinmumbai.in/job/manager-corporate-development/8673054,Built In Mumbai
166,Assistant Project Engineer,https://builtinmumbai.in/job/assistant-project-engineer/8503659,Built In Mumbai
167,Helpdesk Executive,https://builtinmumbai.in/job/helpdesk-executive/8545826,Built In Mumbai
168,Senior Executive – Operations,https://builtinmumbai.in/job/senior-executive-operations/8593859,Built In Mumbai
169,Business Director,https://builtinmumbai.in/job/business-director/8672992,Built In Mumbai
170,Group head - Digital,https://builtinmumbai.in/job/group-head-digital/8671682,Built In Mumbai
171,Senior Analyst -Analytics,https://builtinmumbai.in/job/senior-analyst-analytics/8667899,Built In Mumbai
172,Executive - Production,https://builtinmumbai.in/job/executive-production/8540769,Built In Mumbai
173,Senior Lead UI Design,https://builtinmumbai.in/job/senior-lead-ui-design/8520400,Built In Mumbai
174,"Software Engineer (Python, Database)",https://builtinmumbai.in/job/software-engineer-python-database/8672958,Built In Mumbai
175,Database Engineer,https://builtinmumbai.in/job/database-engineer/8671016,Built In Mumbai
176,Associate Account Executive,https://builtinmumbai.in/job/associate-account-executive/8672952,Built In Mumbai
177,"Manager - Product & Revenue Strategy, Sports",https://builtinmumbai.in/job/manager-product-revenue-strategy-sports/8672915,Built In Mumbai
178,Senior Data Engineer,https://builtinmumbai.in/job/senior-data-engineer/8672913,Built In Mumbai
179,Associate Director – Syndication Sales,https://builtinmumbai.in/job/associate-director-syndication-sales/8672912,Built In Mumbai
180,Senior Associate - Performance & Analytics,https://builtinmumbai.in/job/senior-associate-performance-analytics/8672816,Built In Mumbai
181,Associate - Performance & Analytics,https://builtinmumbai.in/job/associate-performance-analytics/8672814,Built In Mumbai
182,Associate - Data Analytics,https://builtinmumbai.in/job/associate-data-analytics/8672815,Built In Mumbai
183,SAP Sr Analyst - Finance,https://builtinmumbai.in/job/sap-sr-analyst-finance/8672784,Built In Mumbai
184,Finance Assistant,https://builtinmumbai.in/job/finance-assistant/8672737,Built In Mumbai
185,Principal Software Engineer,https://builtinmumbai.in/job/principal-software-engineer/8620883,Built In Mumbai
186,Staff Software Engineer,https://builtinmumbai.in/job/staff-software-engineer/8611210,Built In Mumbai
187,Staff Platform Engineer,https://builtinmumbai.in/job/staff-platform-engineer/8199679,Built In Mumbai
188,Regional Manager - Ultrasound West,https://builtinmumbai.in/job/regional-manager-ultrasound-west/8661306,Built In Mumbai
189,Program Manager,https://builtinmumbai.in/job/program-manager/8660827,Built In Mumbai
190,Modality Leader- HPM,https://builtinmumbai.in/job/modality-leader-hpm/8662214,Built In Mumbai
191,Senior Prepress Specialist,https://builtinmumbai.in/job/senior-prepress-specialist/8246370,Built In Mumbai
192,Principal Technical Services Support Specialist,https://builtinmumbai.in/job/principal-technical-services-support-specialist/8311821,Built In Mumbai
193,Project Coordinator  II - Mumbai,https://builtinmumbai.in/job/project-coordinator-ii-mumbai/7658131,Built In Mumbai
194,Associate Clinical Data Specialist - Mumbai,https://builtinmumbai.in/job/associate-clinical-data-specialist-mumbai/7946260,Built In Mumbai
195,Project Manager,https://builtinpune.in/job/project-manager-pmo/6888920,Built In Pune
196,Enterprise Solution Architect,https://builtinpune.in/job/enterprise-architect-tech-cloud-advisory/4355632,Built In Pune
197,Lead Delivery Excellence,https://builtinpune.in/job/lead-delivery-excellence/7655623,Built In Pune
198,Senior Salesforce Engineer,https://builtinpune.in/job/senior-salesforce-engineer/8536278,Built In Pune
199,AI Engineer - II,https://builtinpune.in/job/ai-engineer-ii/8662756,Built In Pune
200,Senior Software Engineer,https://builtinpune.in/job/senior-software-engineer/8662755,Built In Pune
201,Senior Consultant - Full Stack Development,https://builtinpune.in/job/senior-consultant-full-stack-development/8536138,Built In Pune
202,"Manager, Engineering - Sustaining",https://builtinpune.in/job/manager-engineering-sustaining/8668735,Built In Pune
203,Specialist II - HR Technology (IN),https://builtinpune.in/job/specialist-ii-hr-technology/8371694,Built In Pune
204,Sr. Release Engineer - 11261,https://builtinpune.in/job/sr-release-engineer-11261/8666838,Built In Pune
205,Associate Business Operations Specialist,https://builtinpune.in/job/associate-business-operations-specialist/8660377,Built In Pune
206,Junior PLM Developer,https://builtinpune.in/job/junior-plm-developer/4044203,Built In Pune
207,Software/Platform Engineer I,https://builtinpune.in/job/software-platform-engineer-i/8647689,Built In Pune
208,Principal Threat Researcher,https://builtinpune.in/job/principal-threat-researcher/8635431,Built In Pune
209,"Senior Software Engineer, Devices - India",https://builtinpune.in/job/senior-software-engineer-devices-india/8007361,Built In Pune
210,Software Engineer,https://builtinpune.in/job/software-engineer/8224984,Built In Pune
211,Senior Lead Embedded Security Engineer,https://builtinpune.in/job/senior-lead-embedded-security-engineer/8587080,Built In Pune
212,Developer RF,https://builtinpune.in/job/developer-rf/8573202,Built In Pune
213,Staff Cloud Backend Engineer,https://builtinpune.in/job/staff-cloud-backend-engineer/6695221,Built In Pune
214,Business Process Architect,https://builtinpune.in/job/business-process-architect/8674117,Built In Pune
215,Custom Software Engineer,https://builtinpune.in/job/custom-software-engineer/8668570,Built In Pune
216,Custom Software Engineer,https://builtinpune.in/job/custom-software-engineer/8668540,Built In Pune
217,Proposal Adminstrator,https://builtinpune.in/job/proposal-adminstrator/8673262,Built In Pune
218,Proposal Administrator,https://builtinpune.in/job/proposal-administrator/8341191,Built In Pune
219,Manager - LCS Projects Administration,https://builtinpune.in/job/manager-lcs-projects-administration/8489204,Built In Pune
220,SAP Sr Analyst - Finance,https://builtinpune.in/job/sap-sr-analyst-finance/8673246,Built In Pune
221,Senior Analyst - ROI Quality,https://builtinpune.in/job/senior-analyst-roi-quality/8491866,Built In Pune
222,Senior Analyst - ROI Quality,https://builtinpune.in/job/senior-analyst-roi-quality/8673213,Built In Pune
223,Software Engineer - Full Stack Java,https://builtinpune.in/job/software-engineer-full-stack-java/8067543,Built In Pune
224,Coupa Techno-Functional Consultant,https://builtinpune.in/job/coupa-techno-functional-consultant/8671115,Built In Pune
225,QA Engineer,https://builtinpune.in/job/qa-engineer/8205846,Built In Pune
226,Sales Manager,https://builtinpune.in/job/sales-manager/8673162,Built In Pune
227,Software Senior Principal Engineer,https://builtinpune.in/job/software-senior-principal-engineer/8238721,Built In Pune
228,"Software Principal Engineer- C,Python",https://builtinpune.in/job/software-senior-principal-engineer-c-python/8035355,Built In Pune
229,Software Principal Engineer,https://builtinpune.in/job/software-principal-engineer/8137004,Built In Pune
230,Senior Associate,https://builtinpune.in/job/senior-associate/8673096,Built In Pune
231,Manager-Middle Office,https://builtinpune.in/job/manager-middle-office/8673092,Built In Pune
232,ESG Consultant (Carbon),https://builtinpune.in/job/esg-consultant-carbon/7541214,Built In Pune
233,"Requirement Engineer, AVP",https://builtinpune.in/job/requirement-engineer-avp/8095312,Built In Pune
234,"Data Platform Engineer, AVP",https://builtinpune.in/job/data-platform-engineer-avp/8583858,Built In Pune
235,"Technology Management Lead, VP",https://builtinpune.in/job/technology-management-lead-vp/8583855,Built In Pune
236,Senior Business Analyst,https://builtinpune.in/job/senior-business-analyst/8527957,Built In Pune
237,Manager- Paid Media,https://builtinpune.in/job/manager-paid-media/8537689,Built In Pune
238,Braze Lead,https://builtinpune.in/job/braze-lead/8478727,Built In Pune
239,PA2025041401 - Senior Associate - Qualified Plan,https://builtinpune.in/job/pa2025041401-senior-associate-qualified-plan/8672965,Built In Pune
240,"Associate II, Corporate Action - Nuveen Global Investment Operations",https://builtinpune.in/job/associate-ii-corporate-action-nuveen-global-investment-operations/8672833,Built In Pune
241,"Sr Analyst - Portfolio accounting, Nuveen Global Investment Operations",https://builtinpune.in/job/sr-analyst-portfolio-accounting-nuveen-global-investment-operations/8672822,Built In Pune
242,SAP Sr Analyst - Finance,https://builtinpune.in/job/sap-sr-analyst-finance/8672784,Built In Pune
243,"Analyst, FNA",https://builtinpune.in/job/analyst-fna/8672499,Built In Pune
244,Process Governance Manager - FPNA,https://builtinpune.in/job/process-governance-manager-fpna/8671201,Built In Pune
245,"Lead Application & Product Architect- (.Net Core, Angular ,Azure)",https://builtinpune.in/job/lead-application-product-architect-net-core-angular-azure/8239121,Built In Pune
246,Lead Engineer - DevOps,https://builtinpune.in/job/lead-engineer-devops/8224600,Built In Pune
247,VisionApp Dandelion - Product Software Engineer - Java,https://builtinpune.in/job/visionapp-dandelion-product-software-engineer-java/8672371,Built In Pune
248,Functional Safety Engineer,https://builtinpune.in/job/functional-safety-engineer/8672337,Built In Pune
249,Simulation Engineer,https://builtinpune.in/job/simulation-engineer/8672336,Built In Pune
250,Process Excellence & Transformation Consultant,https://builtinpune.in/job/process-excellence-transformation-consultant/8071256,Built In Pune
251,Senior Process Associate ITP,https://builtinpune.in/job/senior-process-associate-itp/8535801,Built In Pune
252,Software Development Engineer in Test - 1 (C++),https://builtinpune.in/job/senior-scrum-master/8048666,Built In Pune
253,Senior Business Analyst,https://builtinpune.in/job/senior-business-analyst/8422744,Built In Pune
254,Senior Analyst,https://builtinpune.in/job/senior-analyst/8262311,Built In Pune
255,Consultant - Amnet,https://builtinpune.in/job/consultant-amnet/8620655,Built In Pune
256,Staff software Engineer -  Snowflake/AI Automation Engineer,https://builtinpune.in/job/staff-software-engineer-snowflake-ai-automation-engineer/8582723,Built In Pune
257,Senior Software Engineer,https://builtinpune.in/job/senior-software-engineer/8597172,Built In Pune
258,Staff Software Engineer (Frontend),https://builtinpune.in/job/staff-software-engineer-frontend/8477386,Built In Pune
259,IT Data Engineer,https://builtinpune.in/job/it-data-engineer/8649278,Built In Pune
260,Senior Software Specialist,https://builtinpune.in/job/senior-software-specialist/8224259,Built In Pune
261,Associate Product Analyst (Windchill Support/Admin),https://builtinpune.in/job/associate-product-analyst-windchill-support-admin/8477226,Built In Pune
262,QA Technical Consultant,https://builtinpune.in/job/qa-technical-consultant/8536481,Built In Pune
263,Senior Recruitment Business Partner,https://builtinpune.in/job/senior-recruitment-business-partner/8671896,Built In Pune
264,"Junior Engineer, Production Assembly",https://builtinpune.in/job/junior-engineer-production-assembly/7855542,Built In Pune
265,"Junior Engineer II, Rework",https://builtinpune.in/job/junior-engineer-ii-rework/7793413,Built In Pune
266,QA Automation Engineer,https://builtinpune.in/job/qa-automation-engineer/8671840,Built In Pune
267,Senior Software Engineer,https://builtinpune.in/job/senior-software-engineer/8664078,Built In Pune
268,Desktop Support Engineer,https://builtinpune.in/job/desktop-support-engineer/8671782,Built In Pune
269,Technology Consultant,https://builtinpune.in/job/technology-consultant/8671075,Built In Pune
270,Senior Test Engineer - Investment Data Platform,https://builtinpune.in/job/senior-test-engineer-investment-data-platform/8199084,Built In Pune
271,Senior SDET Engineer - Investment Data Platform,https://builtinpune.in/job/senior-test-engineer-investment-data-platform/7532689,Built In Pune
272,Digital Technology (DT) Leader – India,https://builtinpune.in/job/digital-technology-dt-leader-india/7973733,Built In Pune
273,Private Wealth Support Associate,https://builtinpune.in/job/private-wealth-support-associate/8671563,Built In Pune
274,Workday Integration Developer,https://builtinpune.in/job/workday-integration-developer/8347351,Built In Pune
275,Workday Configuration Analyst – Recruiting and Talent,https://builtinpune.in/job/workday-configuration-analyst-recruiting-and-talent/8424548,Built In Pune
276,Senior Learning and Development Partner,https://builtinpune.in/job/senior-learning-and-development-partner/8545630,Built In Pune
277,Senior ML/AI Research Engineer,https://builtinpune.in/job/senior-ml-ai-research-engineer/8671063,Built In Pune
278,MID QA Engineer,https://builtinpune.in/job/ni-pune-26-mid-qa-engineer/8122531,Built In Pune
279,Applied Data Scientist,https://builtinpune.in/job/applied-data-scientist/8671048,Built In Pune
280,DGX Cloud Performance Engineer,https://builtinpune.in/job/dgx-cloud-performance-engineer/7471274,Built In Pune
281,eDiscovery System Administrator,https://builtinpune.in/job/ediscovery-system-administrator/7327900,Built In Pune
282,Territory Sales Manager - South India,https://builtinpune.in/job/regional-sales-manager-south/7338565,Built In Pune
283,We’re hiring,https://internshala.com/careers/,Internshala Developers
